cao_number;main_link_url;pdf_found;pdf_name;pdfs_found_count
826;https://www.uitvoeringarbeidsvoorwaardenwetgeving.nl/mozard/!suite92.scherm1007?mObj=8441&mSelod=703809;True;CAO_ISO_TTW_JULI.pdf;1
826;https://www.uitvoeringarbeidsvoorwaardenwetgeving.nl/mozard/!suite92.scherm1007?mObj=8439&mSelod=703809;True;CAO_ISO.pdf;1
826;https://www.uitvoeringarbeidsvoorwaardenwetgeving.nl/mozard/!suite92.scherm1007?mObj=8440&mSelod=703809;True;CAO_ISO_arcering___wijz_AOW_LT.pdf;1
826;https://www.uitvoeringarbeidsvoorwaardenwetgeving.nl/mozard/!suite92.scherm1007?mObj=8436&mSelod=703809;True;Isolatie_cao_en_handboek.pdf;1
826;https://www.uitvoeringarbeidsvoorwaardenwetgeving.nl/mozard/!suite92.scherm1007?mObj=8437&mSelod=703809;True;M_T_Isolatie_Cao___Handboek.pdf;1
826;https://www.uitvoeringarbeidsvoorwaardenwetgeving.nl/mozard/!suite92.scherm1007?mObj=43859&mSelod=703809;True;HB 5e editie 2024.pdf;2
826;https://www.uitvoeringarbeidsvoorwaardenwetgeving.nl/mozard/!suite92.scherm1007?mObj=43985&mSelod=703809;True;HB 5e editie 2024_2.pdf;2
826;https://www.uitvoeringarbeidsvoorwaardenwetgeving.nl/mozard/!suite92.scherm1007?mObj=45540&mSelod=703809;True;HB 5e editie 2024_3.pdf;2
826;https://www.uitvoeringarbeidsvoorwaardenwetgeving.nl/mozard/!suite92.scherm1007?mObj=8438&mSelod=703809;True;m_en_t_islollatiebedrijf_kvo.pdf;1
826;https://www.uitvoeringarbeidsvoorwaardenwetgeving.nl/mozard/!suite92.scherm1007?mObj=8443&mSelod=703809;True;CAO_ISO_2017_2019__TTW.pdf;1
826;https://www.uitvoeringarbeidsvoorwaardenwetgeving.nl/mozard/!suite92.scherm1007?mObj=8442&mSelod=703809;True;CAO_ISO_17_19.pdf;1
826;https://www.uitvoeringarbeidsvoorwaardenwetgeving.nl/mozard/!suite92.scherm1007?mObj=8445&mSelod=703809;True;CAO_ISO_2017_2019__TTW_LL_nov_2018.pdf;1
826;https://www.uitvoeringarbeidsvoorwaardenwetgeving.nl/mozard/!suite92.scherm1007?mObj=8444&mSelod=703809;True;CAO_ISO_2017_2019__TTW_GP_nov_2017.pdf;1
826;https://www.uitvoeringarbeidsvoorwaardenwetgeving.nl/mozard/!suite92.scherm1007?mObj=21672&mSelod=703809;True;CAO ISO 2019 2021 SZW TTW V2 wagweu.docx.pdf;1
826;https://www.uitvoeringarbeidsvoorwaardenwetgeving.nl/mozard/!suite92.scherm1007?mObj=15099&mSelod=703809;False;;0
826;https://www.uitvoeringarbeidsvoorwaardenwetgeving.nl/mozard/!suite92.scherm1007?mObj=21136&mSelod=703809;True;CAO ISO 2019 2021 SZW TTW wagweu art 64.docx.pdf;1
826;https://www.uitvoeringarbeidsvoorwaardenwetgeving.nl/mozard/!suite92.scherm1007?mObj=15323&mSelod=703809;False;;0
826;https://www.uitvoeringarbeidsvoorwaardenwetgeving.nl/mozard/!suite92.scherm1007?mObj=30079&mSelod=703809;True;CAO ISO 2021 2024.pdf;1
826;https://www.uitvoeringarbeidsvoorwaardenwetgeving.nl/mozard/!suite92.scherm1007?mObj=30105&mSelod=703809;True;CAO ISO 2021 2024_2.pdf;1
826;https://www.uitvoeringarbeidsvoorwaardenwetgeving.nl/mozard/!suite92.scherm1007?mObj=30202&mSelod=703809;True;CAO ISO 2021 2024b.pdf;1
